Producto|Variante|Precio Original|Precio Final|Descuento %|Ahorro
Polar Liso|Talle: 0|1921.85|1921.85|0%|0
Polar Liso|Talle: 1|1921.85|1921.85|0%|0
Polar Liso|Talle: 2|1921.85|1921.85|0%|0
Polar Liso|Talle: 3|3165.4|3165.4|0%|0
Polar Liso|Talle: 4|3165.4|3165.4|0%|0
Polar Liso|Talle: 5|3165.4|3165.4|0%|0
Polar Liso|Talle: 6|3956.75|3956.75|0%|0
Polar Liso|Talle: 7|3956.75|3956.75|0%|0
Polar Liso|Talle: 8|3956.75|3956.75|0%|0
Polar Liso|Talle: 9|5087.25|5087.25|0%|0
Polar Liso|Talle: 10|5087.25|5087.25|0%|0
Polar Liso|Talle: 11|6217.75|6217.75|0%|0
Polar Liso|Talle: 12|6217.75|6217.75|0%|0
Polar Fantasía|Talle: 0|2826.25|2826.25|0%|0
Polar Fantasía|Talle: 1|2826.25|2826.25|0%|0
Polar Fantasía|Talle: 2|2826.25|2826.25|0%|0
Polar Fantasía|Talle: 3|4295.9|4295.9|0%|0
Polar Fantasía|Talle: 4|4295.9|4295.9|0%|0
Polar Fantasía|Talle: 5|4295.9|4295.9|0%|0
Polar Fantasía|Talle: 6|5426.4|5426.4|0%|0
Polar Fantasía|Talle: 7|5426.4|5426.4|0%|0
Polar Fantasía|Talle: 8|5426.4|5426.4|0%|0
Polar Fantasía|Talle: 9|6783|6783|0%|0
Polar Fantasía|Talle: 10|6783|6783|0%|0
Polar Fantasía|Talle: 11|7913.5|7913.5|0%|0
Polar Fantasía|Talle: 12|7913.5|7913.5|0%|0
Polar Soff|Talle: 0|3278.45|3278.45|0%|0
Polar Soff|Talle: 1|3278.45|3278.45|0%|0
Polar Soff|Talle: 2|3278.45|3278.45|0%|0
Polar Soff|Talle: 3|4522|4522|0%|0
Polar Soff|Talle: 4|4522|4522|0%|0
Polar Soff|Talle: 5|4522|4522|0%|0
Polar Soff|Talle: 6|5878.6|5878.6|0%|0
Polar Soff|Talle: 7|5878.6|5878.6|0%|0
Polar Soff|Talle: 8|5878.6|5878.6|0%|0
Polar Soff|Talle: 9|7009.1|7009.1|0%|0
Polar Soff|Talle: 10|7009.1|7009.1|0%|0
Polar Soff|Talle: 11|8817.9|8817.9|0%|0
Polar Soff|Talle: 12|8817.9|8817.9|0%|0
Campera GAP|Talle: 1|7913.5|7913.5|0%|0
Campera GAP|Talle: 2|7913.5|7913.5|0%|0
Campera GAP|Talle: 3|9044|9044|0%|0
Campera GAP|Talle: 4|9044|9044|0%|0
Campera GAP|Talle: 5|10174.5|10174.5|0%|0
Campera GAP|Talle: 6|10174.5|10174.5|0%|0
Campera GAP|Talle: 7|11305|11305|0%|0
Campera GAP|Talle: 8|11305|11305|0%|0
Campera Fútbol|Talle: 1|7913.5|7913.5|0%|0
Campera Fútbol|Talle: 2|7913.5|7913.5|0%|0
Campera Fútbol|Talle: 3|9044|9044|0%|0
Campera Fútbol|Talle: 4|9044|9044|0%|0
Campera Fútbol|Talle: 5|10174.5|10174.5|0%|0
Campera Fútbol|Talle: 6|10174.5|10174.5|0%|0
Campera Fútbol|Talle: 7|11305|11305|0%|0
Campera Fútbol|Talle: 8|11305|11305|0%|0
Campera Abercrombie|Talle: 1|7913.5|7913.5|0%|0
Campera Abercrombie|Talle: 2|7913.5|7913.5|0%|0
Campera Abercrombie|Talle: 3|7913.5|7913.5|0%|0
Campera Abercrombie|Talle: 4|9044|9044|0%|0
Campera Abercrombie|Talle: 5|9044|9044|0%|0
Campera Abercrombie|Talle: 6|10174.5|10174.5|0%|0
Campera Abercrombie|Talle: 7|10174.5|10174.5|0%|0
Campera Plush|Talle: 1|6783|6783|0%|0
Campera Plush|Talle: 2|6783|6783|0%|0
Campera Plush|Talle: 3|7913.5|7913.5|0%|0
Campera Plush|Talle: 4|7913.5|7913.5|0%|0
Campera Plush|Talle: 5|9044|9044|0%|0
Campera Plush|Talle: 6|9044|9044|0%|0
Campera Plush|Talle: 7|9044|9044|0%|0
Campera Térmica|Talle: 1|9609.25|9609.25|0%|0
Campera Térmica|Talle: 2|9609.25|9609.25|0%|0
Campera Térmica|Talle: 3|11305|11305|0%|0
Campera Térmica|Talle: 4|11305|11305|0%|0
Campera Térmica|Talle: 5|12435.5|12435.5|0%|0
Campera Térmica|Talle: 6|12435.5|12435.5|0%|0
Campera Térmica|Talle: 7|12435.5|12435.5|0%|0
Camperita Love|Talle: 1|7913.5|7913.5|0%|0
Camperita Love|Talle: 2|7913.5|7913.5|0%|0
Camperita Love|Talle: 3|9044|9044|0%|0
Camperita Love|Talle: 4|9044|9044|0%|0
Camperita Love|Talle: 5|10174.5|10174.5|0%|0
Camperita Love|Talle: 6|10174.5|10174.5|0%|0
Camperita Love|Talle: 7|10174.5|10174.5|0%|0
Camperita Love|Talle: 8|10174.5|10174.5|0%|0
Campera Osito|Talle: 1|11305|11305|0%|0
Campera Osito|Talle: 2|12435.5|12435.5|0%|0
Campera Osito|Talle: 3|12435.5|12435.5|0%|0
Campera Osito|Talle: 4|13566|13566|0%|0
Campera Osito|Talle: 5|13566|13566|0%|0
Campera Osito|Talle: 6|15827|15827|0%|0
Campera Osito|Talle: 7|15827|15827|0%|0
Entero Very Coold|Talle: 1|8478.75|8478.75|0%|0
Entero Very Coold|Talle: 2|8478.75|8478.75|0%|0
Entero Very Coold|Talle: 3|9609.25|9609.25|0%|0
Entero Very Coold|Talle: 4|9609.25|9609.25|0%|0
Entero Very Coold|Talle: 5|10739.75|10739.75|0%|0
Entero Very Coold|Talle: 6|10739.75|10739.75|0%|0
Entero Very Coold|Talle: 7|11870.25|11870.25|0%|0
Entero Very Coold|Talle: 8|11870.25|11870.25|0%|0
Entero Brisa|Talle: 1|9609.25|9609.25|0%|0
Entero Brisa|Talle: 2|9609.25|9609.25|0%|0
Entero Brisa|Talle: 3|10739.75|10739.75|0%|0
Entero Brisa|Talle: 4|10739.75|10739.75|0%|0
Entero Brisa|Talle: 5|13000.75|13000.75|0%|0
Entero Brisa|Talle: 6|13000.75|13000.75|0%|0
Entero Brisa|Talle: 7|13566|13566|0%|0
Entero Brisa|Talle: 8|13566|13566|0%|0
Buzo Soft|Talle: 1|5652.5|5652.5|0%|0
Buzo Soft|Talle: 2|5652.5|5652.5|0%|0
Buzo Soft|Talle: 3|5652.5|5652.5|0%|0
Buzo Soft|Talle: 4|6217.75|6217.75|0%|0
Buzo Soft|Talle: 5|6217.75|6217.75|0%|0
Buzo Soft|Talle: 6|6783|6783|0%|0
Buzo Soft|Talle: 7|6783|6783|0%|0
Buzo Soft|Talle: 8|7348.25|7348.25|0%|0
Buzo Soft|Talle: 9|7348.25|7348.25|0%|0
Poleras|Talle: 0|4522|4522|0%|0
Poleras|Talle: 1|5652.5|5652.5|0%|0
Poleras|Talle: 2|5652.5|5652.5|0%|0
Poleras|Talle: 3|6783|6783|0%|0
Poleras|Talle: 4|6783|6783|0%|0
Poleras|Talle: 5|7348.25|7348.25|0%|0
Poleras|Talle: 6|7348.25|7348.25|0%|0
Poleras|Talle: 7|7913.5|7913.5|0%|0
BUZO ANIMADO|Talle: T1|6000|6000|0%|0
BUZO ANIMADO|Talle: T2|6000|6000|0%|0
BUZO ANIMADO|Talle: T3|7000|7000|0%|0
BUZO ANIMADO|Talle: T4|7000|7000|0%|0
BUZO ANIMADO|Talle: T5|8000|8000|0%|0
BUZO ANIMADO|Talle: T6|8000|8000|0%|0
BUZO ANIMADO|Talle: T7|9000|9000|0%|0
BUZO ANIMADO|Talle: T8|9000|9000|0%|0
BUZO ANIMADO|Talle: T9|9000|9000|0%|0
DISFRAZ MODELO|Talle: T1|9000|9000|0%|0
DISFRAZ MODELO|Talle: T2|9000|9000|0%|0
DISFRAZ MODELO|Talle: T3|10000|10000|0%|0
DISFRAZ MODELO|Talle: T4|10000|10000|0%|0
DISFRAZ MODELO|Talle: T5|10000|10000|0%|0
DISFRAZ MODELO|Talle: T6|11000|11000|0%|0
DISFRAZ MODELO|Talle: T7|11000|11000|0%|0
BUZO HARVARD|Talle: T1|7000|7000|0%|0
BUZO HARVARD|Talle: T2|7000|7000|0%|0
BUZO HARVARD|Talle: T3|7000|7000|0%|0
BUZO HARVARD|Talle: T4|8000|8000|0%|0
BUZO HARVARD|Talle: T5|8000|8000|0%|0
BUZO HARVARD|Talle: T6|8000|8000|0%|0
BUZO HARVARD|Talle: T7|9000|9000|0%|0
BUZO HARVARD|Talle: T8|9000|9000|0%|0
Campera Love|Talle: T1|7000|7000|0%|0
Campera Love|Talle: T2|7000|7000|0%|0
Campera Love|Talle: T3|8000|8000|0%|0
Campera Love|Talle: T4|8000|8000|0%|0
Campera Love|Talle: T5|9000|9000|0%|0
Campera Love|Talle: T6|9000|9000|0%|0
Campera Love|Talle: T7|9000|9000|0%|0
Campera Love|Talle: T8|9000|9000|0%|0