ID,Nombre,Categor√≠a,Descripci√≥n Actual,Problemas
"prod_106","SHAMPOO MAXIMO 250 cm3","higiene-cuidado","SHAMPOO MAXIMO 250 cm3","Descripci√≥n ID√âNTICA al t√≠tulo | Descripci√≥n MUY CORTA (22 chars) | longDescription IGUAL a description"
"prod_134","PIEDRAS ABSORSOL","higiene-cuidado","PIEDRAS ABSORSOL","Descripci√≥n ID√âNTICA al t√≠tulo | Descripci√≥n MUY CORTA (16 chars) | longDescription IGUAL a description"
"prod_140","ZOOTEC PIEDRAS NATURALES","higiene-cuidado","ZOOTEC PIEDRAS NATURALES","Descripci√≥n ID√âNTICA al t√≠tulo | Descripci√≥n MUY CORTA (24 chars) | longDescription IGUAL a description"
"prod_148","MOISES TUNEL ECONOMICO","casa-descanso","MOISES TUNEL ECONOMICO","Descripci√≥n ID√âNTICA al t√≠tulo | Descripci√≥n MUY CORTA (22 chars) | longDescription IGUAL a description"
"prod_160","PUFF UNICO TALLE","casa-descanso","PUFF UNICO TALLE","Descripci√≥n ID√âNTICA al t√≠tulo | Descripci√≥n MUY CORTA (16 chars) | longDescription IGUAL a description"
"prod_161","PUFF UNICO TALLE SOFF","casa-descanso","PUFF UNICO TALLE SOFF","Descripci√≥n ID√âNTICA al t√≠tulo | Descripci√≥n MUY CORTA (21 chars) | longDescription IGUAL a description"
"prod_162","ALMOHADON DONA","casa-descanso","ALMOHADON DONA","Descripci√≥n ID√âNTICA al t√≠tulo | Descripci√≥n MUY CORTA (14 chars) | longDescription IGUAL a description"
"prod_164","BOLSO FANTASIA","casa-descanso","BOLSO FANTASIA","Descripci√≥n ID√âNTICA al t√≠tulo | Descripci√≥n MUY CORTA (14 chars) | longDescription IGUAL a description"
"prod_168","COLCHONETA MALETIN MOVIL","casa-descanso","COLCHONETA MALETIN MOVIL","Descripci√≥n ID√âNTICA al t√≠tulo | Descripci√≥n MUY CORTA (24 chars) | longDescription IGUAL a description"
"prod_169","CANASTO TRASPORTADOR FANTASIA","casa-descanso","CANASTO TRASPORTADOR FANTASIA","Descripci√≥n ID√âNTICA al t√≠tulo | Descripci√≥n MUY CORTA (29 chars) | longDescription IGUAL a description"
"prod_170","CASITA FELIZ","casa-descanso","CASITA FELIZ","Descripci√≥n ID√âNTICA al t√≠tulo | Descripci√≥n MUY CORTA (12 chars) | longDescription IGUAL a description"
"prod_197","RASCADOR PUENTE","accesorios","RASCADOR PUENTE","Descripci√≥n ID√âNTICA al t√≠tulo | Descripci√≥n MUY CORTA (15 chars) | longDescription IGUAL a description"
"prod_198","RASCADOR CILINDRO PARA PARED","accesorios","RASCADOR CILINDRO PARA PARED","Descripci√≥n ID√âNTICA al t√≠tulo | Descripci√≥n MUY CORTA (28 chars) | longDescription IGUAL a description"
"prod_205","JUGUETE CON RESORTE Y PES","juguetes","JUGUETE CON RESORTE Y PES","Descripci√≥n ID√âNTICA al t√≠tulo | Descripci√≥n MUY CORTA (25 chars) | longDescription IGUAL a description"
"prod_206","RASCADOR POSTE ZOOTEC N 1","accesorios","RASCADOR POSTE ZOOTEC N 1","Descripci√≥n ID√âNTICA al t√≠tulo | Descripci√≥n MUY CORTA (25 chars) | longDescription IGUAL a description"
"prod_207","RASCADOR CON CARTON SIMPLE","accesorios","RASCADOR CON CARTON SIMPLE","Descripci√≥n ID√âNTICA al t√≠tulo | Descripci√≥n MUY CORTA (26 chars) | longDescription IGUAL a description"
"prod_208","RASACADOR C/ CAJA KIMEY","accesorios","RASACADOR C/ CAJA KIMEY","Descripci√≥n ID√âNTICA al t√≠tulo | Descripci√≥n MUY CORTA (23 chars) | longDescription IGUAL a description"
"prod_209","RASACADOR PLANO N1 KIMEY","accesorios","RASACADOR PLANO N1 KIMEY","Descripci√≥n ID√âNTICA al t√≠tulo | Descripci√≥n MUY CORTA (24 chars) | longDescription IGUAL a description"
"prod_211","RASCADOR HELICE N7 KIMEY","accesorios","RASCADOR HELICE N7 KIMEY","Descripci√≥n ID√âNTICA al t√≠tulo | Descripci√≥n MUY CORTA (24 chars) | longDescription IGUAL a description"
"prod_213","RASACDOR MESA N2 KIMEY","accesorios","RASACDOR MESA N2 KIMEY","Descripci√≥n ID√âNTICA al t√≠tulo | Descripci√≥n MUY CORTA (22 chars) | longDescription IGUAL a description"
"prod_214","TITO'S - AGATAR","accesorios","TITO'S - AGATAR","Descripci√≥n ID√âNTICA al t√≠tulo | Descripci√≥n MUY CORTA (15 chars) | longDescription IGUAL a description"
"prod_215","VAINILLA - AGATAR","casa-descanso","VAINILLA  - AGATAR","Descripci√≥n MUY SIMILAR al t√≠tulo | Descripci√≥n MUY CORTA (18 chars) | longDescription IGUAL a description"
"prod_216","ALSINA - AGATAR","casa-descanso","ALSINA - AGATAR","Descripci√≥n ID√âNTICA al t√≠tulo | Descripci√≥n MUY CORTA (15 chars) | longDescription IGUAL a description"
"prod_217","AGATAR - CARA DE GATO","casa-descanso","AGATAR - CARA DE GATO","Descripci√≥n ID√âNTICA al t√≠tulo | Descripci√≥n MUY CORTA (21 chars) | longDescription IGUAL a description"
"prod_218","RASCADOR 2 EN 1 CON T√öNEL","accesorios","RASCADOR 2 EN 1 CON T√öNEL","Descripci√≥n ID√âNTICA al t√≠tulo | Descripci√≥n MUY CORTA (25 chars) | longDescription IGUAL a description"
"prod_219","MINI INFINITY - AGATAR","accesorios","MINI INFINITY - AGATAR","Descripci√≥n ID√âNTICA al t√≠tulo | Descripci√≥n MUY CORTA (22 chars) | longDescription IGUAL a description"
"prod_220","MINI ACU√ëA - AGATAR","accesorios","MINI ACU√ëA - AGATAR","Descripci√≥n ID√âNTICA al t√≠tulo | Descripci√≥n MUY CORTA (19 chars) | longDescription IGUAL a description"
"prod_221","MINI SIMON - AGATAR","accesorios","MINI SIMON - AGATAR","Descripci√≥n ID√âNTICA al t√≠tulo | Descripci√≥n MUY CORTA (19 chars) | longDescription IGUAL a description"
"prod_223","COCODRILO - AGATAR","accesorios","COCODRILO - AGATAR","Descripci√≥n ID√âNTICA al t√≠tulo | Descripci√≥n MUY CORTA (18 chars) | longDescription IGUAL a description"
"prod_224","TIBUR√ìN - AGATAR","accesorios","TIBUR√ìN - AGATAR","Descripci√≥n ID√âNTICA al t√≠tulo | Descripci√≥n MUY CORTA (16 chars) | longDescription IGUAL a description"
"prod_225","JIRAFA - AGATAR","accesorios","JIRAFA - AGATAR","Descripci√≥n ID√âNTICA al t√≠tulo | Descripci√≥n MUY CORTA (15 chars) | longDescription IGUAL a description"
"prod_226","HIPOP√ìTAMO - AGATAR","accesorios","HIPOP√ìTAMO - AGATAR","Descripci√≥n ID√âNTICA al t√≠tulo | Descripci√≥n MUY CORTA (19 chars) | longDescription IGUAL a description"
"prod_227","Rat√≥n - AGATAR","accesorios","Rat√≥n - AGATAR","Descripci√≥n ID√âNTICA al t√≠tulo | Descripci√≥n MUY CORTA (14 chars) | longDescription IGUAL a description"
"prod_228","RINOCERONTE MINI - AGATAR","accesorios","RINOCERONTE MINI - AGATAR","Descripci√≥n ID√âNTICA al t√≠tulo | Descripci√≥n MUY CORTA (25 chars) | longDescription IGUAL a description"
"prod_229","OSO POLAR MINI - AGATAR","accesorios","OSO POLAR MINI - AGATAR","Descripci√≥n ID√âNTICA al t√≠tulo | Descripci√≥n MUY CORTA (23 chars) | longDescription IGUAL a description"
"prod_231","Gorila Mini - AGATAR","accesorios","Gorila Mini - AGATAR","Descripci√≥n ID√âNTICA al t√≠tulo | Descripci√≥n MUY CORTA (20 chars) | longDescription IGUAL a description"
"prod_232","CHANCHITO - AGATAR","accesorios","CHANCHITO - AGATAR","Descripci√≥n ID√âNTICA al t√≠tulo | Descripci√≥n MUY CORTA (18 chars) | longDescription IGUAL a description"
"prod_233","CAJA TRANSPORTADORA - AGATAR","casa-descanso","CAJA TRANSPORTADORA - AGATAR","Descripci√≥n ID√âNTICA al t√≠tulo | Descripci√≥n MUY CORTA (28 chars) | longDescription IGUAL a description"
"prod_234","JUGUETE ATOMO 10 CM","juguetes","JUGUETE ATOMO 10 CM","Descripci√≥n ID√âNTICA al t√≠tulo | Descripci√≥n MUY CORTA (19 chars) | longDescription IGUAL a description"
"prod_235","ATOMO CON CHIFLE 15X6CM","juguetes","ATOMO CON CHIFLE 15X6CM","Descripci√≥n ID√âNTICA al t√≠tulo | Descripci√≥n MUY CORTA (23 chars) | longDescription IGUAL a description"
"prod_236","PELOTA DE TELA X 4 CHICA","juguetes","PELOTA DE TELA X 4 CHICA","Descripci√≥n ID√âNTICA al t√≠tulo | Descripci√≥n MUY CORTA (24 chars) | longDescription IGUAL a description"
"prod_237","PELOTA TENIS GRANDE X3","juguetes","PELOTA TENIS GRANDE X3","Descripci√≥n ID√âNTICA al t√≠tulo | Descripci√≥n MUY CORTA (22 chars) | longDescription IGUAL a description"
"prod_240","JUGUETE PELOTA CON LUZ 8CM","juguetes","JUGUETE PELOTA CON LUZ 8CM","Descripci√≥n ID√âNTICA al t√≠tulo | Descripci√≥n MUY CORTA (26 chars) | longDescription IGUAL a description"
"prod_245","PELOTA BASCULANTE CON LUZ","juguetes","PELOTA BASCULANTE CON LUZ","Descripci√≥n ID√âNTICA al t√≠tulo | Descripci√≥n MUY CORTA (25 chars) | longDescription IGUAL a description"
"prod_246","PELOTA ASTEROIDE CON LUZ","juguetes","PELOTA ASTEROIDE CON LUZ","Descripci√≥n ID√âNTICA al t√≠tulo | Descripci√≥n MUY CORTA (24 chars) | longDescription IGUAL a description"
"prod_248","PELOTA DIAMANTE  8CM  PE0091","juguetes","PELOTA DIAMANTE  8CM  PE0091","Descripci√≥n ID√âNTICA al t√≠tulo | Descripci√≥n MUY CORTA (28 chars) | longDescription IGUAL a description"
"prod_254","PELOTA LISA 4,5CM","juguetes","PELOTA LISA 4,5CM","Descripci√≥n ID√âNTICA al t√≠tulo | Descripci√≥n MUY CORTA (17 chars) | longDescription IGUAL a description"
"prod_257","PELOTA SPORTING CHICA 4CM","juguetes","PELOTA SPORTING CHICA 4CM","Descripci√≥n ID√âNTICA al t√≠tulo | Descripci√≥n MUY CORTA (25 chars) | longDescription IGUAL a description"
"prod_258","PELOTA SPORTING MEDIANA 7CM","juguetes","PELOTA SPORTING MEDIANA 7CM","Descripci√≥n ID√âNTICA al t√≠tulo | Descripci√≥n MUY CORTA (27 chars) | longDescription IGUAL a description"
"prod_259","PELOTA SPORTING GRANDE 9CM","juguetes","PELOTA SPORTING GRANDE 9CM","Descripci√≥n ID√âNTICA al t√≠tulo | Descripci√≥n MUY CORTA (26 chars) | longDescription IGUAL a description"
"prod_265","PELOTA DE FUTBOOL (17 CM)","juguetes","PELOTA DE FUTBOOL (17 CM)","Descripci√≥n ID√âNTICA al t√≠tulo | Descripci√≥n MUY CORTA (25 chars) | longDescription IGUAL a description"
"prod_266","PELOTA LISA TRAININ  (12 CM)","juguetes","PELOTA LISA TRAININ  (12 CM)","Descripci√≥n ID√âNTICA al t√≠tulo | Descripci√≥n MUY CORTA (28 chars) | longDescription IGUAL a description"
"prod_272","MANCUERNA DE GOMA CHICA","juguetes","MANCUERNA DE GOMA CHICA","Descripci√≥n ID√âNTICA al t√≠tulo | Descripci√≥n MUY CORTA (23 chars) | longDescription IGUAL a description"
"prod_273","MANCUERNA DE GOMA MEDIANA","juguetes","MANCUERNA DE GOMA MEDIANA","Descripci√≥n ID√âNTICA al t√≠tulo | Descripci√≥n MUY CORTA (25 chars) | longDescription IGUAL a description"
"prod_274","MANCUERNA DE GOMA GRANDE","juguetes","MANCUERNA DE GOMA GRANDE","Descripci√≥n ID√âNTICA al t√≠tulo | Descripci√≥n MUY CORTA (24 chars) | longDescription IGUAL a description"
"prod_278","ARANDELA DE GOMA CHI","juguetes","ARANDELA DE GOMA CHI","Descripci√≥n ID√âNTICA al t√≠tulo | Descripci√≥n MUY CORTA (20 chars) | longDescription IGUAL a description"
"prod_279","ARANDELA GOMA MED","juguetes","ARANDELA GOMA MED","Descripci√≥n ID√âNTICA al t√≠tulo | Descripci√≥n MUY CORTA (17 chars) | longDescription IGUAL a description"
"prod_280","ARANDELA GOMA GRA","juguetes","ARANDELA GOMA GRA","Descripci√≥n ID√âNTICA al t√≠tulo | Descripci√≥n MUY CORTA (17 chars) | longDescription IGUAL a description"
"prod_284","CHIFLE GALLINA CHICA","juguetes","CHIFLE GALLINA CHICA","Descripci√≥n ID√âNTICA al t√≠tulo | Descripci√≥n MUY CORTA (20 chars) | longDescription IGUAL a description"
"prod_285","CHIFLE GALLINA MEDIANA","juguetes","CHIFLE  GALLINA MEDIANA","Descripci√≥n MUY SIMILAR al t√≠tulo | Descripci√≥n MUY CORTA (23 chars) | longDescription IGUAL a description"
"prod_286","CHIFLE GALLINA  GRANDE","juguetes","CHIFLE GALLINA  GRANDE","Descripci√≥n ID√âNTICA al t√≠tulo | Descripci√≥n MUY CORTA (22 chars) | longDescription IGUAL a description"
"prod_297","JUGUETE DINOSAURIO LATEX 12CM","juguetes","JUGUETE DINOSAURIO LATEX 12CM","Descripci√≥n ID√âNTICA al t√≠tulo | Descripci√≥n MUY CORTA (29 chars) | longDescription IGUAL a description"
"prod_299","CHIFLE CUERPO ESPIN","juguetes","CHIFLE CUERPO ESPIN","Descripci√≥n ID√âNTICA al t√≠tulo | Descripci√≥n MUY CORTA (19 chars) | longDescription IGUAL a description"
"prod_304","PELOTA RUGBY CHICO  0132","juguetes","PELOTA RUGBY CHICO  0132","Descripci√≥n ID√âNTICA al t√≠tulo | Descripci√≥n MUY CORTA (24 chars) | longDescription IGUAL a description"
"prod_305","PELOTA DE LUNA  CHICA   0166","juguetes","PELOTA DE LUNA  CHICA   0166","Descripci√≥n ID√âNTICA al t√≠tulo | Descripci√≥n MUY CORTA (28 chars) | longDescription IGUAL a description"
"prod_306","PELOTA CON BOLITAS  0164","juguetes","PELOTA CON BOLITAS  0164","Descripci√≥n ID√âNTICA al t√≠tulo | Descripci√≥n MUY CORTA (24 chars) | longDescription IGUAL a description"
"prod_315","BOTELLA DE CERVEZA  0161","juguetes","BOTELLA DE CERVEZA  0161","Descripci√≥n ID√âNTICA al t√≠tulo | Descripci√≥n MUY CORTA (24 chars) | longDescription IGUAL a description"
"prod_317","CUPCAKE CON CHIFLE","juguetes","CUPCAKE CON CHIFLE","Descripci√≥n ID√âNTICA al t√≠tulo | Descripci√≥n MUY CORTA (18 chars) | longDescription IGUAL a description"
"prod_318","ZANAORIA CON CHIFLE","juguetes","ZANAORIA CON CHIFLE","Descripci√≥n ID√âNTICA al t√≠tulo | Descripci√≥n MUY CORTA (19 chars) | longDescription IGUAL a description"
"prod_319","JUGUETE CHIFLE VERDURAS 001","juguetes","JUGUETE CHIFLE VERDURAS 001","Descripci√≥n ID√âNTICA al t√≠tulo | Descripci√≥n MUY CORTA (27 chars) | longDescription IGUAL a description"
"prod_320","JUGUETE CHIFLE VERDURAS 002","juguetes","JUGUETE CHIFLE VERDURAS 002","Descripci√≥n ID√âNTICA al t√≠tulo | Descripci√≥n MUY CORTA (27 chars) | longDescription IGUAL a description"
"prod_325","DONA CHIFLE","juguetes","DONA CHIFLE","Descripci√≥n ID√âNTICA al t√≠tulo | Descripci√≥n MUY CORTA (11 chars) | longDescription IGUAL a description"
"prod_334","PANCHOS CHICO CHIFLE","juguetes","PANCHOS CHICO CHIFLE","Descripci√≥n ID√âNTICA al t√≠tulo | Descripci√≥n MUY CORTA (20 chars) | longDescription IGUAL a description"
"prod_338","COSTILLA GRANDE CON CHIFLE","juguetes","COSTILLA GRANDE CON CHIFLE","Descripci√≥n ID√âNTICA al t√≠tulo | Descripci√≥n MUY CORTA (26 chars) | longDescription IGUAL a description"
"prod_343","CANGREJO CHICO CON CHIFLE","juguetes","CANGREJO CHICO CON CHIFLE","Descripci√≥n ID√âNTICA al t√≠tulo | Descripci√≥n MUY CORTA (25 chars) | longDescription IGUAL a description"
"prod_345","PERRITO CHIFLE","juguetes","PERRITO CHIFLE","Descripci√≥n ID√âNTICA al t√≠tulo | Descripci√≥n MUY CORTA (14 chars) | longDescription IGUAL a description"
"prod_347","PERRITO DALMATA","juguetes","PERRITO DALMATA","Descripci√≥n ID√âNTICA al t√≠tulo | Descripci√≥n MUY CORTA (15 chars) | longDescription IGUAL a description"
"prod_348","HUESO CHIFLE MARRON","juguetes","HUESO CHIFLE MARRON","Descripci√≥n ID√âNTICA al t√≠tulo | Descripci√≥n MUY CORTA (19 chars) | longDescription IGUAL a description"
"prod_349","HUESITO COLOR FLUOR","juguetes","HUESITO COLOR FLUOR","Descripci√≥n ID√âNTICA al t√≠tulo | Descripci√≥n MUY CORTA (19 chars) | longDescription IGUAL a description"
"prod_351","COCODRILO CHIFLE  DE 20 CM","juguetes","COCODRILO CHIFLE  DE 20 CM","Descripci√≥n ID√âNTICA al t√≠tulo | Descripci√≥n MUY CORTA (26 chars) | longDescription IGUAL a description"
"prod_352","TARTA HUELLA","juguetes","TARTA HUELLA","Descripci√≥n ID√âNTICA al t√≠tulo | Descripci√≥n MUY CORTA (12 chars) | longDescription IGUAL a description"
"prod_353","HAMBURGUESA VEGANA  LIFE","juguetes","HAMBURGUESA VEGANA  LIFE","Descripci√≥n ID√âNTICA al t√≠tulo | Descripci√≥n MUY CORTA (24 chars) | longDescription IGUAL a description"
"prod_354","HAMBURGUESA CUARTO DE LIBRA","juguetes","HAMBURGUESA CUARTO DE LIBRA","Descripci√≥n ID√âNTICA al t√≠tulo | Descripci√≥n MUY CORTA (27 chars) | longDescription IGUAL a description"
"prod_355","POLLO HORNEADO","juguetes","POLLO HORNEADO","Descripci√≥n ID√âNTICA al t√≠tulo | Descripci√≥n MUY CORTA (14 chars) | longDescription IGUAL a description"
"prod_356","MUSLO DE POLLO - 24807, 24070","juguetes","MUSLO DE POLLO - 24807, 24070","Descripci√≥n ID√âNTICA al t√≠tulo | Descripci√≥n MUY CORTA (29 chars) | longDescription IGUAL a description"
"prod_357","MAZORCA CHOCLO CHIFLE - 24077","juguetes","MAZORCA CHOCLO CHIFLE - 24077","Descripci√≥n ID√âNTICA al t√≠tulo | Descripci√≥n MUY CORTA (29 chars) | longDescription IGUAL a description"
"prod_358","DONAS CHIFLES - 24094","juguetes","DONAS CHIFLES - 24094","Descripci√≥n ID√âNTICA al t√≠tulo | Descripci√≥n MUY CORTA (21 chars) | longDescription IGUAL a description"
"prod_360","PELOTA ESPINA  CHIFLE","juguetes","PELOTA ESPINA  CHIFLE","Descripci√≥n ID√âNTICA al t√≠tulo | Descripci√≥n MUY CORTA (21 chars) | longDescription IGUAL a description"
"prod_361","PELOTA RUGBY CON HUESO","juguetes","PELOTA RUGBY CON HUESO","Descripci√≥n ID√âNTICA al t√≠tulo | Descripci√≥n MUY CORTA (22 chars) | longDescription IGUAL a description"
"prod_362","PESA / PINCHO","juguetes","PESA / PINCHO","Descripci√≥n ID√âNTICA al t√≠tulo | Descripci√≥n MUY CORTA (13 chars) | longDescription IGUAL a description"
"prod_368","HUESO CON HUESITO","juguetes","HUESO CON HUESITO","Descripci√≥n ID√âNTICA al t√≠tulo | Descripci√≥n MUY CORTA (17 chars) | longDescription IGUAL a description"
"prod_369","HUESO CON HUELLA","juguetes","HUESO CON HUELLA","Descripci√≥n ID√âNTICA al t√≠tulo | Descripci√≥n MUY CORTA (16 chars) | longDescription IGUAL a description"
"prod_371","CHIFLE CORAZON","juguetes","CHIFLE CORAZON","Descripci√≥n ID√âNTICA al t√≠tulo | Descripci√≥n MUY CORTA (14 chars) | longDescription IGUAL a description"
"prod_372","MAGDALENA ROSA","juguetes","MAGDALENA ROSA","Descripci√≥n ID√âNTICA al t√≠tulo | Descripci√≥n MUY CORTA (14 chars) | longDescription IGUAL a description"
"prod_373","ROSQUILLAS","juguetes","ROSQUILLAS","Descripci√≥n ID√âNTICA al t√≠tulo | Descripci√≥n MUY CORTA (10 chars) | longDescription IGUAL a description"
"prod_374","CHIFLE MINI","juguetes","CHIFLE MINI","Descripci√≥n ID√âNTICA al t√≠tulo | Descripci√≥n MUY CORTA (11 chars) | longDescription IGUAL a description"
"prod_375","CHIFLE PESA  11*4CM","juguetes","CHIFLE PESA  11*4CM","Descripci√≥n ID√âNTICA al t√≠tulo | Descripci√≥n MUY CORTA (19 chars) | longDescription IGUAL a description"
"prod_377","CONO DE HELADO / 8020-5","juguetes","CONO DE HELADO / 8020-5","Descripci√≥n ID√âNTICA al t√≠tulo | Descripci√≥n MUY CORTA (23 chars) | longDescription IGUAL a description"
"prod_378","PAPAS FRITAS / 5882-5","juguetes","PAPAS FRITAS / 5882-5","Descripci√≥n ID√âNTICA al t√≠tulo | Descripci√≥n MUY CORTA (21 chars) | longDescription IGUAL a description"
"prod_379","CHIFLE POPO","juguetes","CHIFLE POPO","Descripci√≥n ID√âNTICA al t√≠tulo | Descripci√≥n MUY CORTA (11 chars) | longDescription IGUAL a description"
"prod_380","CHIFLE HELADO 8528-5","juguetes","CHIFLE HELADO 8528-5","Descripci√≥n ID√âNTICA al t√≠tulo | Descripci√≥n MUY CORTA (20 chars) | longDescription IGUAL a description"
"prod_381","CHIFLE PAVO 8400-5","juguetes","CHIFLE PAVO 8400-5","Descripci√≥n ID√âNTICA al t√≠tulo | Descripci√≥n MUY CORTA (18 chars) | longDescription IGUAL a description"
"prod_382","CHIFLE PULPO MINI 8529-5","juguetes","CHIFLE PULPO MINI 8529-5","Descripci√≥n ID√âNTICA al t√≠tulo | Descripci√≥n MUY CORTA (24 chars) | longDescription IGUAL a description"
"prod_387","PELOTA LIMPIA DIENTE GRANDE","juguetes","PELOTA LIMPIA DIENTE GRANDE","Descripci√≥n ID√âNTICA al t√≠tulo | Descripci√≥n MUY CORTA (27 chars) | longDescription IGUAL a description"
"prod_388","MORDILLO TUERCA MULTI COLOR","juguetes","MORDILLO TUERCA MULTI COLOR","Descripci√≥n ID√âNTICA al t√≠tulo | Descripci√≥n MUY CORTA (27 chars) | longDescription IGUAL a description"
"prod_389","PELOTA CHIFLE RUGBY","juguetes","PELOTA CHIFLE RUGBY","Descripci√≥n ID√âNTICA al t√≠tulo | Descripci√≥n MUY CORTA (19 chars) | longDescription IGUAL a description"
"prod_390","MORDILLO HUESO DOBLE LARGO","juguetes","MORDILLO HUESO DOBLE LARGO","Descripci√≥n ID√âNTICA al t√≠tulo | Descripci√≥n MUY CORTA (26 chars) | longDescription IGUAL a description"
"prod_391","MORDILLO HUESO O 001","juguetes","MORDILLO HUESO O 001","Descripci√≥n ID√âNTICA al t√≠tulo | Descripci√≥n MUY CORTA (20 chars) | longDescription IGUAL a description"
"prod_392","MORDILLOHUESO ( Y ) 002","juguetes","MORDILLOHUESO ( Y ) 002","Descripci√≥n ID√âNTICA al t√≠tulo | Descripci√≥n MUY CORTA (23 chars) | longDescription IGUAL a description"
"prod_393","MORDILLO CIRCULO ( DONA ) 003","juguetes","MORDILLO CIRCULO ( DONA ) 003","Descripci√≥n ID√âNTICA al t√≠tulo | Descripci√≥n MUY CORTA (29 chars) | longDescription IGUAL a description"
"prod_394","MORDILLO PATA DE POLLO 004","juguetes","MORDILLO PATA DE POLLO 004","Descripci√≥n ID√âNTICA al t√≠tulo | Descripci√≥n MUY CORTA (26 chars) | longDescription IGUAL a description"
"prod_611","CINTURON DE SEGURIDAD SIMPLE","accesorios","CINTURON DE SEGURIDAD SIMPLE","Descripci√≥n ID√âNTICA al t√≠tulo | Descripci√≥n MUY CORTA (28 chars) | longDescription IGUAL a description"
"prod_615","CADENA REFORZADO TADEO  1,2M","accesorios","CADENA REFORZADO TADEO  1,2M","Descripci√≥n ID√âNTICA al t√≠tulo | Descripci√≥n MUY CORTA (28 chars) | longDescription IGUAL a description"
"prod_637","COLLAR  TIFANI T4 PERLAS","accesorios","COLLAR  TIFANI T4 PERLAS","Descripci√≥n ID√âNTICA al t√≠tulo | Descripci√≥n MUY CORTA (24 chars) | longDescription IGUAL a description"
"prod_654","COLLAR ELASTICO X12","accesorios","COLLAR ELASTICO X12","Descripci√≥n ID√âNTICA al t√≠tulo | Descripci√≥n MUY CORTA (19 chars) | longDescription IGUAL a description"
"prod_680","COLLAR CON BLONDAS Y ENCAJE","accesorios","COLLAR CON BLONDAS Y ENCAJE","Descripci√≥n ID√âNTICA al t√≠tulo | Descripci√≥n MUY CORTA (27 chars) | longDescription IGUAL a description"
"prod_697","CONJUNTO REFLECTOR 1,5CM","accesorios","CONJUNTO REFLECTOR 1,5CM","Descripci√≥n ID√âNTICA al t√≠tulo | Descripci√≥n MUY CORTA (24 chars) | longDescription IGUAL a description"
"prod_698","CONJUNTO REFLECTOR 2,5CM","accesorios","CONJUNTO REFLECTOR 2,5CM","Descripci√≥n ID√âNTICA al t√≠tulo | Descripci√≥n MUY CORTA (24 chars) | longDescription IGUAL a description"
"prod_706","CONJUNTO PECHERA  8393-5","accesorios","CONJUNTO PECHERA  8393-5","Descripci√≥n ID√âNTICA al t√≠tulo | Descripci√≥n MUY CORTA (24 chars) | longDescription IGUAL a description"
"prod_733","PECHERA SOLA P15","accesorios","PECHERA SOLA P15","Descripci√≥n ID√âNTICA al t√≠tulo | Descripci√≥n MUY CORTA (16 chars) | longDescription IGUAL a description"
"prod_734","PECHERA ALCOCHONADA POLICE K9","accesorios","PECHERA ALCOCHONADA POLICE K9","Descripci√≥n ID√âNTICA al t√≠tulo | Descripci√≥n MUY CORTA (29 chars) | longDescription IGUAL a description"
"prod_737","PECHERA ALCOCHONADA  T","accesorios","PECHERA ALCOCHONADA  T","Descripci√≥n ID√âNTICA al t√≠tulo | Descripci√≥n MUY CORTA (22 chars) | longDescription IGUAL a description"
"prod_744","CONJUNTO REGULABLE LISO","accesorios","CONJUNTO REGULABLE LISO","Descripci√≥n ID√âNTICA al t√≠tulo | Descripci√≥n MUY CORTA (23 chars) | longDescription IGUAL a description"
"prod_754","CONJUNTO ECONOMICO","accesorios","CONJUNTO ECONOMICO","Descripci√≥n ID√âNTICA al t√≠tulo | Descripci√≥n MUY CORTA (18 chars) | longDescription IGUAL a description"
"prod_763","PALITAS ""S"" COLORES SURTIDOS","higiene-cuidado","PALITAS ""S"" COLORES SURTIDOS","Descripci√≥n ID√âNTICA al t√≠tulo | Descripci√≥n MUY CORTA (28 chars) | longDescription IGUAL a description"
"prod_778","COMEDERO COME LENTO","accesorios","COMEDERO COME LENTO","Descripci√≥n ID√âNTICA al t√≠tulo | Descripci√≥n MUY CORTA (19 chars) | longDescription IGUAL a description"
"prod_779","CAZUELA HUELLA CHICA","accesorios","CAZUELA HUELLA CHICA","Descripci√≥n ID√âNTICA al t√≠tulo | Descripci√≥n MUY CORTA (20 chars) | longDescription IGUAL a description"
"prod_780","CAZUELA HUELLA MEDIANA","accesorios","CAZUELA HUELLA MEDIANA","Descripci√≥n ID√âNTICA al t√≠tulo | Descripci√≥n MUY CORTA (22 chars) | longDescription IGUAL a description"
"prod_781","CAZUELA HUELLA GRANDE","accesorios","CAZUELA HUELLA GRANDE","Descripci√≥n ID√âNTICA al t√≠tulo | Descripci√≥n MUY CORTA (21 chars) | longDescription IGUAL a description"
"prod_782","COMEDERO TOLVA  AGUA","accesorios","COMEDERO TOLVA  AGUA","Descripci√≥n ID√âNTICA al t√≠tulo | Descripci√≥n MUY CORTA (20 chars) | longDescription IGUAL a description"
"prod_785","COMEDERO CUADRADO DOBLE","accesorios","COMEDERO CUADRADO DOBLE","Descripci√≥n ID√âNTICA al t√≠tulo | Descripci√≥n MUY CORTA (23 chars) | longDescription IGUAL a description"
"prod_808","COMEDERO CON BASE DOBLE","accesorios","COMEDERO CON BASE DOBLE","Descripci√≥n ID√âNTICA al t√≠tulo | Descripci√≥n MUY CORTA (23 chars) | longDescription IGUAL a description"
"prod_809","COMEDERO CON CARITA Y PATITAS","accesorios","COMEDERO CON CARITA Y PATITAS","Descripci√≥n ID√âNTICA al t√≠tulo | Descripci√≥n MUY CORTA (29 chars) | longDescription IGUAL a description"
"prod_824","COMEDERO DE GATO","accesorios","COMEDERO DE GATO","Descripci√≥n ID√âNTICA al t√≠tulo | Descripci√≥n MUY CORTA (16 chars) | longDescription IGUAL a description"
"prod_831","COMEDERO OVALADO CHICO","accesorios","COMEDERO OVALADO CHICO","Descripci√≥n ID√âNTICA al t√≠tulo | Descripci√≥n MUY CORTA (22 chars) | longDescription IGUAL a description"
"prod_832","COMEDERO OVALADO MEDIANO","accesorios","COMEDERO OVALADO MEDIANO","Descripci√≥n ID√âNTICA al t√≠tulo | Descripci√≥n MUY CORTA (24 chars) | longDescription IGUAL a description"
"prod_833","COMEDERO OVALADO GRANDE","accesorios","COMEDERO OVALADO GRANDE","Descripci√≥n ID√âNTICA al t√≠tulo | Descripci√≥n MUY CORTA (23 chars) | longDescription IGUAL a description"
"prod_834","COMEDERO OVALADO COKER","accesorios","COMEDERO OVALADO COKER","Descripci√≥n ID√âNTICA al t√≠tulo | Descripci√≥n MUY CORTA (22 chars) | longDescription IGUAL a description"
"prod_835","COMEDERO OVALADO DOBLE","accesorios","COMEDERO OVALADO DOBLE","Descripci√≥n ID√âNTICA al t√≠tulo | Descripci√≥n MUY CORTA (22 chars) | longDescription IGUAL a description"
"prod_836","COMERERO DOBLE HUESO","accesorios","COMERERO DOBLE HUESO","Descripci√≥n ID√âNTICA al t√≠tulo | Descripci√≥n MUY CORTA (20 chars) | longDescription IGUAL a description"
"prod_843","PLATO CARA DE GATO","accesorios","PLATO CARA DE GATO","Descripci√≥n ID√âNTICA al t√≠tulo | Descripci√≥n MUY CORTA (18 chars) | longDescription IGUAL a description"
"prod_844","COMEDERO PECECITO DOBLE","accesorios","COMEDERO PECECITO DOBLE","Descripci√≥n ID√âNTICA al t√≠tulo | Descripci√≥n MUY CORTA (23 chars) | longDescription IGUAL a description"
"prod_845","BEBEDEROS AVES","accesorios","BEBEDEROS AVES","Descripci√≥n ID√âNTICA al t√≠tulo | Descripci√≥n MUY CORTA (14 chars) | longDescription IGUAL a description"
"prod_854","COMELENTO MEDIANO REDONDO","accesorios","COMELENTO MEDIANO REDONDO","Descripci√≥n ID√âNTICA al t√≠tulo | Descripci√≥n MUY CORTA (25 chars) | longDescription IGUAL a description"
"prod_855","COMELENTO CHICO REDONDO","accesorios","COMELENTO CHICO REDONDO","Descripci√≥n ID√âNTICA al t√≠tulo | Descripci√≥n MUY CORTA (23 chars) | longDescription IGUAL a description"
"prod_139","ZOOTEC PIEDRAS AGLUTINANTES LAVANDA","higiene-cuidado","ZOOTEC PIEDRAS AGLUTINANTES LAVANDA","Descripci√≥n ID√âNTICA al t√≠tulo | longDescription IGUAL a description"
"prod_145","COLCHON FANTASIA ESPUMA","casa-descanso","Talle S (50 x 70 CM) , Talle M (60 x 80 CM) Talle L (70 x 90 CM) , Talle XL (80 x 100 CM)","longDescription IGUAL a description | Descripci√≥n solo tiene MEDIDAS/TALLAS"
"prod_146","COLCHONETA  FANTASIA PLUSH","casa-descanso","Talle S (50 x 65 CM) , Talle M (60 x 75 CM) Talle L (70 x 85 CM) , Talle XL (80 x 95 CM)","longDescription IGUAL a description | Descripci√≥n solo tiene MEDIDAS/TALLAS"
"prod_149","MOISES IGLU  PREMIUN","casa-descanso","N¬∞1 (45 x 35 x 23 CM) , N¬∞2 (55 x 40 x 27 CM), N¬∞3 (60 x 45 x 33 CM)","longDescription IGUAL a description | Descripci√≥n solo tiene MEDIDAS/TALLAS"
"prod_151","COCHONETA ANTI-DESGARRO","casa-descanso","N¬∞1 (60 x 60 CM) , N¬∞2 (70 X 70 CM) N¬∞3 (80 X 80 CM) , N¬∞4 (90 X 90 CM)","longDescription IGUAL a description | Descripci√≥n solo tiene MEDIDAS/TALLAS"
"prod_152","MOISES ECONOMICO","casa-descanso","N¬∞1 (35 CM) , N¬∞2 (40 CM) N¬∞3 (45 CM) , N¬∞4 (50 CM)","longDescription IGUAL a description | Descripci√≥n solo tiene MEDIDAS/TALLAS"
"prod_154","SOFT JEAN LUNARES","casa-descanso","N¬∞1 (40 x 40 CM) , N¬∞2 (50 x 50 CM), N¬∞3 (60 x 60 CM)","longDescription IGUAL a description | Descripci√≥n solo tiene MEDIDAS/TALLAS"
"prod_156","MOISES LUNARES","casa-descanso","N¬∞1 (40 CM), N¬∞2 (45 CM) , N¬∞2 (50 CM)","longDescription IGUAL a description | Descripci√≥n solo tiene MEDIDAS/TALLAS"
"prod_158","MOISES MO√ëO PREMIUN","casa-descanso","N¬∞1 (35 CM) , N¬∞2 (40 CM) N¬∞3 (45 CM) , N¬∞4 (50 CM)","longDescription IGUAL a description | Descripci√≥n solo tiene MEDIDAS/TALLAS"
"prod_176","COLCHONETA PREMIUN DOBLE LONA 4 PATAS","casa-descanso","N¬∞1 (50 X 50 CM) , N¬∞2 (50 X 65 CM) N¬∞3 (60 X 80 CM) , N¬∞4 (70 X 90 CM) N¬∞5 (80 X 90 CM)","longDescription IGUAL a description | Descripci√≥n solo tiene MEDIDAS/TALLAS"
"prod_181","RASCADO TABLA CARTON Y ALFOMBRA","accesorios","RASCADO TABLA CARTON Y ALFOMBRA","Descripci√≥n ID√âNTICA al t√≠tulo | longDescription IGUAL a description"
"prod_184","RASCADOR DE MADERA EN 2 POSICIONES","accesorios","RASCADOR DE MADERA EN 2 POSICIONES","Descripci√≥n ID√âNTICA al t√≠tulo | longDescription IGUAL a description"
"prod_185","RASCADOR CART√ìN CORRUGADO ONDA SIMPLE 12CM X 50CM","accesorios","RASCADOR CART√ìN CORRUGADO ONDA SIMPLE 12CM X 50CM","Descripci√≥n ID√âNTICA al t√≠tulo | longDescription IGUAL a description"
"prod_186","RASCADOR CART√ìN CORRUGADO ""PEZ"" 20CM X 50CM","accesorios","RASCADOR CART√ìN CORRUGADO ""PEZ"" 20CM X 50CM","Descripci√≥n ID√âNTICA al t√≠tulo | longDescription IGUAL a description"
"prod_187","RASCADOR CART√ìN CORRUGADO ONDA SIMPLE 20CM X 50CM","accesorios","RASCADOR CART√ìN CORRUGADO ONDA SIMPLE 20CM X 50CM","Descripci√≥n ID√âNTICA al t√≠tulo | longDescription IGUAL a description"
"prod_188","RASCADOR CON CAJA 11.5CM X 50CM X 4CM","accesorios","RASCADOR CON CAJA 11.5CM X 50CM X 4CM","Descripci√≥n ID√âNTICA al t√≠tulo | longDescription IGUAL a description"
"prod_189","RASCADOR DOBLE T 58CM X 16CM X 20 CM","accesorios","RASCADOR DOBLE T 58CM X 16CM X 20 CM","Descripci√≥n ID√âNTICA al t√≠tulo | longDescription IGUAL a description"
"prod_190","RASCADOR MEDIO INFINITO GRANDE 58CM X 9 CM X 20CM","accesorios","RASCADOR MEDIO INFINITO GRANDE 58CM X 9 CM X 20CM","Descripci√≥n ID√âNTICA al t√≠tulo | longDescription IGUAL a description"
"prod_191","RASCADOR MEDIO INFINITO 55 X  20 X 6,5 CM","accesorios","RASCADOR MEDIO INFINITO 55 X  20 X 6,5 CM","Descripci√≥n ID√âNTICA al t√≠tulo | longDescription IGUAL a description"
"prod_193","RASCADOR RECTO SIN CAJA 11,5 X 50 X 4 CM","accesorios","RASCADOR RECTO SIN CAJA 11,5 X 50 X 4 CM","Descripci√≥n ID√âNTICA al t√≠tulo | longDescription IGUAL a description"
"prod_194","RASCADOR INFINITO 55 X 12 X 20 CM","accesorios","RASCADOR INFINITO 55 X 12 X 20 CM","Descripci√≥n ID√âNTICA al t√≠tulo | longDescription IGUAL a description"
"prod_195","RASCADOR INFINITO 55 X 12 X 20 CM","accesorios","RASCADOR INFINITO 55 X 12 X 20 CM","Descripci√≥n ID√âNTICA al t√≠tulo | longDescription IGUAL a description"
"prod_199","RASCADOR CUADRADO C/ MARCO DE MADERA PARED","accesorios","RASCADOR CUADRADO C/ MARCO DE MADERA PARED","Descripci√≥n ID√âNTICA al t√≠tulo | longDescription IGUAL a description"
"prod_200","RASCASDON CUADRADO C/MARCO DE MADERA PARED CHICO","accesorios","RASCASDON CUADRADO C/MARCO DE MADERA PARED CHICO","Descripci√≥n ID√âNTICA al t√≠tulo | longDescription IGUAL a description"
"prod_201","RASCADOR BANDEJA 34.5cm x 51cm","accesorios","RASCADOR BANDEJA 34.5cm x 51cm","Descripci√≥n ID√âNTICA al t√≠tulo | longDescription IGUAL a description"
"prod_202","RASCADOR ESQUINERO YUTE SILLON 60cm x 9,5cm x 11cm","accesorios","RASCADOR ESQUINERO YUTE SILLON 60cm x 9,5cm x 11cm","Descripci√≥n ID√âNTICA al t√≠tulo | longDescription IGUAL a description"
"prod_203","RASCADOR PEZ MULTI COLOR CHICO PARA COLGAR 12 CM","accesorios","RASCADOR PEZ MULTI COLOR CHICO PARA COLGAR 12 CM","Descripci√≥n ID√âNTICA al t√≠tulo | longDescription IGUAL a description"
"prod_204","JUEGO PARA GATO CON RESORTE CON RATA Y TRIPLE  BACE","juguetes","JUEGO PARA GATO CON RESORTE CON RATA Y TRIPLE  BACE","Descripci√≥n ID√âNTICA al t√≠tulo | longDescription IGUAL a description"
"prod_210","RASCADOR SILLON CON PATAS KIMEY","accesorios","RASCADOR SILLON CON PATAS KIMEY","Descripci√≥n ID√âNTICA al t√≠tulo | longDescription IGUAL a description"
"prod_212","RASCADOR ONDA KEMEY","accesorios","RASACDOR ONDA KEMEY","Descripci√≥n MUY CORTA (19 chars) | longDescription IGUAL a description"
"prod_230","ELEFANTE MINI - AGATAR","accesorios","ELEFANTE MINI -","Descripci√≥n MUY CORTA (15 chars) | longDescription IGUAL a description"
"prod_238","JUGUETE MORRON  SILICONADO 6* 10CM","juguetes","JUGUETE MORRON  SILICONADO 6* 10CM","Descripci√≥n ID√âNTICA al t√≠tulo | longDescription IGUAL a description"
"prod_239","PELOTA FRUTA SILICONADA C/LUZ 10CM","juguetes","PELOTA FRUTA SILICONADA C/LUZ 10CM","Descripci√≥n ID√âNTICA al t√≠tulo | longDescription IGUAL a description"
"prod_241","PELOTA ERIZO CON LUZ CHICA 6*6*6*","juguetes","PELOTA ERIZO CON LUZ CHICA 6*6*6*","Descripci√≥n ID√âNTICA al t√≠tulo | longDescription IGUAL a description"
"prod_242","PELOTA ERIZO CON LUZ GRANDE 7*7*7","juguetes","PELOTA ERIZO CON LUZ GRANDE 7*7*7","Descripci√≥n ID√âNTICA al t√≠tulo | longDescription IGUAL a description"
"prod_243","JUGUETE PESA PINCHES CHIFLE  17*7","juguetes","JUGUETE PESA PINCHES CHIFLE  17*7","Descripci√≥n ID√âNTICA al t√≠tulo | longDescription IGUAL a description"
"prod_244","PELOTA PINCHO MULTICOLOR CON LUZ","juguetes","PELOTA PINCHO MULTICOLOR CON LUZ","Descripci√≥n ID√âNTICA al t√≠tulo | longDescription IGUAL a description"
"prod_247","PELOTA DE RUGBY CON LUZ Y CHIFLE  S0465","juguetes","PELOTA DE RUGBY CON LUZ Y CHIFLE  S0465","Descripci√≥n ID√âNTICA al t√≠tulo | longDescription IGUAL a description"
"prod_249","JUGUETE PELOTA SILICONADO CON FORMAS  8CM  S0599","juguetes","JUGUETE PELOTA SILICONADO CON FORMAS  8CM  S0599","Descripci√≥n ID√âNTICA al t√≠tulo | longDescription IGUAL a description"
"prod_250","JUGUETE PELOTA CON ESTRELLAS  LUZ Y CHIFLE 10CM S0486","juguetes","JUGUETE PELOTA CON ESTRELLAS  LUZ Y CHIFLE 10CM S0486","Descripci√≥n ID√âNTICA al t√≠tulo | longDescription IGUAL a description"
"prod_251","PELOTA ROTATIVA  E INTERACTIVA CON SOGA 25442","juguetes","PELOTA ROTATIVA  E INTERACTIVA CON SOGA 25442","Descripci√≥n ID√âNTICA al t√≠tulo | longDescription IGUAL a description"
"prod_252","PELOTA RECARGABLE USB 5CM  PE0423","juguetes","PELOTA RECARGABLE USB 5CM  PE0423","Descripci√≥n ID√âNTICA al t√≠tulo | longDescription IGUAL a description"
"prod_253","PELOTA P/MAS 4,2 REC USB BATERIA 100MA  PE0422","juguetes","PELOTA P/MAS 4,2 REC USB BATERIA 100MA  PE0422","Descripci√≥n ID√âNTICA al t√≠tulo | longDescription IGUAL a description"
"prod_255","PELOTA BLANDA MEDIANA    6,3CM     (24088)","juguetes","PELOTA BLANDA MEDIANA    6,3CM     (24088)","Descripci√≥n ID√âNTICA al t√≠tulo | longDescription IGUAL a description"
"prod_256","PELOTA BLANDA MEDIANA    6,3CM     (24088)","juguetes","PELOTA BLANDA MEDIANA    6,3CM     (24088)","Descripci√≥n ID√âNTICA al t√≠tulo | longDescription IGUAL a description"
"prod_264","PELOTA DE RUGBY GRAN (  27 CM)","juguetes","PELOTA DE RUGBY GRAN (  27 CM)","Descripci√≥n ID√âNTICA al t√≠tulo | longDescription IGUAL a description"
"prod_287","GALLINA DE COLORES CON CHIFLE S","juguetes","GALLINA DE COLORES CON CHIFLE S","Descripci√≥n ID√âNTICA al t√≠tulo | longDescription IGUAL a description"
"prod_288","GALLINA DE COLORES CON CHIFLE M","juguetes","GALLINA DE COLORES CON CHIFLE M","Descripci√≥n ID√âNTICA al t√≠tulo | longDescription IGUAL a description"
"prod_289","GALLINA DE COLORES CON CHIFLE L","juguetes","GALLINA DE COLORES CON CHIFLE L","Descripci√≥n ID√âNTICA al t√≠tulo | longDescription IGUAL a description"
"prod_290","PELOTA FUDBOOL AMERICANO  10,5*5","juguetes","PELOTA FUDBOOL AMERICANO  10,5*5","Descripci√≥n ID√âNTICA al t√≠tulo | longDescription IGUAL a description"
"prod_291","PELOTA DE FOTBOOL CON CHIFLE  024859","juguetes","PELOTA DE FOTBOOL CON CHIFLE  024859","Descripci√≥n ID√âNTICA al t√≠tulo | longDescription IGUAL a description"
"prod_293","JUGUETE LATEX MONSTER DE  12CM","juguetes","JUGUETE LATEX MONSTER DE  12CM","Descripci√≥n ID√âNTICA al t√≠tulo | longDescription IGUAL a description"
"prod_294","JUGUETE CERDO LATEX CON SONIDO  18CM","juguetes","JUGUETE CERDO LATEX CON SONIDO  18CM","Descripci√≥n ID√âNTICA al t√≠tulo | longDescription IGUAL a description"
"prod_296","PELOTA CARITA - PERRIRO BOMBITA CHIFLR","juguetes","PELOTA CARITA - PERRIRO BOMBITA CHIFLR","Descripci√≥n ID√âNTICA al t√≠tulo | longDescription IGUAL a description"
"prod_298","CHIFLE PATO COLOR MEDIANO DE 25CM","juguetes","CHIFLE PATO COLOR MEDIANO DE 25CM","Descripci√≥n ID√âNTICA al t√≠tulo | longDescription IGUAL a description"
"prod_300","PELOTA  FUTBOL CON CHIFLE CHICO  127  ANCHO 6CM / ANCHO 6CM","juguetes","PELOTA  FUTBOL CON CHIFLE CHICO  127  ANCHO 6CM / ANCHO 6CM","Descripci√≥n ID√âNTICA al t√≠tulo | longDescription IGUAL a description"
"prod_301","PELOTA  ESPIRAL CON CHIFLE   129 ANCHO 6CM / ANCHO 6CM","juguetes","PELOTA  ESPIRAL CON CHIFLE   129 ANCHO 6CM / ANCHO 6CM","Descripci√≥n ID√âNTICA al t√≠tulo | longDescription IGUAL a description"
"prod_302","PELOTA DE AROS CON CHIFLE    126  ANCHO 6CM / ALTO  6CM","juguetes","PELOTA DE AROS CON CHIFLE    126  ANCHO 6CM / ALTO  6CM","Descripci√≥n ID√âNTICA al t√≠tulo | longDescription IGUAL a description"
"prod_303","PELOTA DE GOLF CHIFLE    130   ANCHO 6CM / ANTO 6CM","juguetes","PELOTA DE GOLF CHIFLE    130   ANCHO 6CM / ANTO 6CM","Descripci√≥n ID√âNTICA al t√≠tulo | longDescription IGUAL a description"
"prod_307","PELOTA CON LINEAS VERTICAL  0165","juguetes","PELOTA CON LINEAS VERTICAL  0165","Descripci√≥n ID√âNTICA al t√≠tulo | longDescription IGUAL a description"
"prod_308","PELOTA LINEAS NEGRA Y INFINITO","juguetes","PELOTA LINEAS NEGRA Y INFINITO","Descripci√≥n ID√âNTICA al t√≠tulo | longDescription IGUAL a description"
"prod_309","MINI COCODRILO 160 ANCHO 6CM/ ALTO 6CM","juguetes","MINI COCODRILO 160 ANCHO 6CM/ ALTO 6CM","Descripci√≥n ID√âNTICA al t√≠tulo | longDescription IGUAL a description"
"prod_310","TACO CHIFLE  137  ANCHO12CM /ALTO5CM","juguetes","TACO CHIFLE  137  ANCHO12CM /ALTO5CM","Descripci√≥n ID√âNTICA al t√≠tulo | longDescription IGUAL a description"
"prod_311","VAQUITA DE SAN ANTONIO CON  CHIFLE  138  ANCHO9CM/ ALTO 5CM","juguetes","VAQUITA DE SAN ANTONIO CON  CHIFLE  138  ANCHO9CM/ ALTO 5CM","Descripci√≥n ID√âNTICA al t√≠tulo | longDescription IGUAL a description"
"prod_313","COSTILLITA DE CARNE  CHICA CON CHIFLE  100   ANCHO 12CM / ALTO 2 CM","juguetes","COSTILLITA DE CARNE  CHICA CON CHIFLE  100   ANCHO 12CM / ALTO 2 CM","Descripci√≥n ID√âNTICA al t√≠tulo | longDescription IGUAL a description"
"prod_314","HUESO PUNTOS CON CHIFLE  109  ANCHO 5CM / ALTO 16CM","juguetes","HUESO PUNTOS CON CHIFLE  109  ANCHO 5CM / ALTO 16CM","Descripci√≥n ID√âNTICA al t√≠tulo | longDescription IGUAL a description"
"prod_316","SANDIA  CHIFLE 135  ANCHO 5 CM/ ALTO4CM","juguetes","SANDIA  CHIFLE 135  ANCHO 5 CM/ ALTO4CM","Descripci√≥n ID√âNTICA al t√≠tulo | longDescription IGUAL a description"
"prod_321","CHIFLE POLLO COLORES MEDIANO 25CM","juguetes","CHIFLE POLLO COLORES MEDIANO 25CM","Descripci√≥n ID√âNTICA al t√≠tulo | longDescription IGUAL a description"
"prod_322","PERRO CABESON CHIFLE  GRANDE 133  ANCHO16CM / ALTO 7CM","juguetes","PERRO CABESON CHIFLE  GRANDE 133  ANCHO16CM / ALTO 7CM","Descripci√≥n ID√âNTICA al t√≠tulo | longDescription IGUAL a description"
"prod_323","HUESO CHIFLE RETORSIDO GRANDE   112  ANCHO 6CM / ALTO 15CM","juguetes","HUESO CHIFLE RETORSIDO GRANDE   112  ANCHO 6CM / ALTO 15CM","Descripci√≥n ID√âNTICA al t√≠tulo | longDescription IGUAL a description"
"prod_324","FOCA GRANDE CON CHIFLE  139  AMCHO 18CM ALTO11CM","juguetes","FOCA GRANDE CON CHIFLE  139  AMCHO 18CM ALTO11CM","Descripci√≥n ID√âNTICA al t√≠tulo | longDescription IGUAL a description"
"prod_326","MUFFINS GIGANTE 149   ANCHO 11CM / ALTO 10CM","juguetes","MUFFINS GIGANTE 149   ANCHO 11CM / ALTO 10CM","Descripci√≥n ID√âNTICA al t√≠tulo | longDescription IGUAL a description"
"prod_327","MUFFINS CHICO  CON CHIFLE 158 ANCHO 7CM/ 9CM","juguetes","MUFFINS CHICO  CON CHIFLE 158 ANCHO 7CM/ 9CM","Descripci√≥n ID√âNTICA al t√≠tulo | longDescription IGUAL a description"
"prod_328","HUESO CON BANANAS   CHIFLE 159   ANCHO 5CM ALTO 15CM","juguetes","HUESO CON BANANAS   CHIFLE 159   ANCHO 5CM ALTO 15CM","Descripci√≥n ID√âNTICA al t√≠tulo | longDescription IGUAL a description"
"prod_329","GALLETITAS CUADRADA CON CHIFLE 151   ANCHO 11CM/ALTO 3CM","juguetes","GALLETITAS CUADRADA CON CHIFLE 151   ANCHO 11CM/ALTO 3CM","Descripci√≥n ID√âNTICA al t√≠tulo | longDescription IGUAL a description"
"prod_330","GALLETITAS REDONDA  CON CHIFLE 156 ANCHO 10CM ALTO3CM","juguetes","GALLETITAS REDONDA  CON CHIFLE 156 ANCHO 10CM ALTO3CM","Descripci√≥n ID√âNTICA al t√≠tulo | longDescription IGUAL a description"
"prod_331","PALETA DE HELADO 157   ANCHO 5CM /ALTO 14CM","juguetes","PALETA DE HELADO 157   ANCHO 5CM /ALTO 14CM","Descripci√≥n ID√âNTICA al t√≠tulo | longDescription IGUAL a description"
"prod_332","HUESO  GRANDE CON CHIFLE   110  ANCHO 6CM / ALTO 20CM","juguetes","HUESO  GRANDE CON CHIFLE   110  ANCHO 6CM / ALTO 20CM","Descripci√≥n ID√âNTICA al t√≠tulo | longDescription IGUAL a description"
"prod_333","PATY HAMBURGUESA CON CHIFLE   121 ANCHO 3CM / ALTO 9CM","juguetes","PATY HAMBURGUESA CON CHIFLE   121 ANCHO 3CM / ALTO 9CM","Descripci√≥n ID√âNTICA al t√≠tulo | longDescription IGUAL a description"
"prod_335","PANCHOS MEDIANO  CHIFLE   118 ANCHO 13CM / ALTO 4CM","juguetes","PANCHOS MEDIANO  CHIFLE   118 ANCHO 13CM / ALTO 4CM","Descripci√≥n ID√âNTICA al t√≠tulo | longDescription IGUAL a description"
"prod_336","PATA DE POLLO CON HUESO  DE CHIFLE   119 ANCHO18CM / ALTO 3CM","juguetes","PATA DE POLLO CON HUESO  DE CHIFLE   119 ANCHO18CM / ALTO 3CM","Descripci√≥n ID√âNTICA al t√≠tulo | longDescription IGUAL a description"
"prod_337","BIFE MEDIANO 163 ANCHO 3CM/ ALTO 13CM","juguetes","BIFE MEDIANO 163 ANCHO 3CM/ ALTO 13CM","Descripci√≥n ID√âNTICA al t√≠tulo | longDescription IGUAL a description"
"prod_339","BIFE CON CHIFLE 14,5*8CM - 24095","juguetes","BIFE CON CHIFLE 14,5*8CM - 24095","Descripci√≥n ID√âNTICA al t√≠tulo | longDescription IGUAL a description"
"prod_340","PANTUFLAS 148  ANCHO 15CM/ ALTO 6CM","juguetes","PANTUFLAS 148  ANCHO 15CM/ ALTO 6CM","Descripci√≥n ID√âNTICA al t√≠tulo | longDescription IGUAL a description"
"prod_341","OJOTA CON CHIFLE    115  ANCHO 15CM / ALTO 2CM","juguetes","OJOTA CON CHIFLE    115  ANCHO 15CM / ALTO 2CM","Descripci√≥n ID√âNTICA al t√≠tulo | longDescription IGUAL a description"
"prod_342","PALO DE BOWLING CON CHIFLE   117   ANCHO 5CM/ ALTO 13CM","juguetes","PALO DE BOWLING CON CHIFLE   117   ANCHO 5CM/ ALTO 13CM","Descripci√≥n ID√âNTICA al t√≠tulo | longDescription IGUAL a description"
"prod_344","ESTRELLA CHICA CON CHIFLE   142  ANCHO9CM/ ALTO2CM","juguetes","ESTRELLA CHICA CON CHIFLE   142  ANCHO9CM/ ALTO2CM","Descripci√≥n ID√âNTICA al t√≠tulo | longDescription IGUAL a description"
"prod_363","CHIFLE PESA  CON PATITAS - 24111","juguetes","CHIFLE PESA  CON PATITAS - 24111","Descripci√≥n ID√âNTICA al t√≠tulo | longDescription IGUAL a description"
"prod_366","PELOTA  CHIFLE METEORITO   6CM    824099)","juguetes","PELOTA  CHIFLE METEORITO   6CM    824099)","Descripci√≥n ID√âNTICA al t√≠tulo | longDescription IGUAL a description"
"prod_367","HUESO CHIFLE  C/ CARA DE PERRITO","juguetes","HUESO CHIFLE  C/ CARA DE PERRITO","Descripci√≥n ID√âNTICA al t√≠tulo | longDescription IGUAL a description"
"prod_370","PAPAS MCDONA","juguetes","PAPAS MC,DONA","Descripci√≥n MUY CORTA (13 chars) | longDescription IGUAL a description"
"prod_385","JUGUET PELOTA DENTAL GOMA P/ALIMENTO 5 CM","juguetes","JUGUET PELOTA DENTAL GOMA P/ALIMENTO 5 CM","Descripci√≥n ID√âNTICA al t√≠tulo | longDescription IGUAL a description"
"prod_386","PELOTA LIMPIA DIENTES DE GOMA P/ ALIMENTO 6CM","juguetes","PELOTA LIMPIA DIENTES DE GOMA P/ ALIMENTO 6CM","Descripci√≥n ID√âNTICA al t√≠tulo | longDescription IGUAL a description"
"prod_395","PELOTA VOLADORA MAGICA CON LUZ 7 CM PE0399","juguetes","PELOTA VOLADORA MAGICA CON LUZ 7 CM PE0399","Descripci√≥n ID√âNTICA al t√≠tulo | longDescription IGUAL a description"
"prod_396","PELOTA MAGICA VOLADORA PEGABLE","juguetes","PELOTA MAGICA VOLADORA PEGABLE","Descripci√≥n ID√âNTICA al t√≠tulo | longDescription IGUAL a description"
"prod_397","HUESO CON TEXTURA - ONEBER PET 01","juguetes","HUESO CON TEXTURA - ONEBER PET 01","Descripci√≥n ID√âNTICA al t√≠tulo | longDescription IGUAL a description"
"prod_398","HUESO CON TEXTURA - ONEBER PET02","juguetes","HUESO CON TEXTURA - ONEBER PET02","Descripci√≥n ID√âNTICA al t√≠tulo | longDescription IGUAL a description"
"prod_623","CADENA CON AMORTIGUADOR MANGO DE CUERO 80CM . T- 1","accesorios","CADENA CON AMORTIGUADOR MANGO DE CUERO 80CM . T- 1","Descripci√≥n ID√âNTICA al t√≠tulo | longDescription IGUAL a description"
"prod_624","CADENA CON AMORTIGUADOR MANGO DE CUERO 80CM . T- 2","accesorios","CADENA CON AMORTIGUADOR MANGO DE CUERO 80CM . T- 2","Descripci√≥n ID√âNTICA al t√≠tulo | longDescription IGUAL a description"
"prod_626","CONJUNTO DE CADENA CON COLLAR REGULABLE, 1,20CM","accesorios","CONJUNTO DE CADENA CON COLLAR REGULABLE, 1,20CM","Descripci√≥n ID√âNTICA al t√≠tulo | longDescription IGUAL a description"
"prod_661","COLLAR CUERO C/ OJALILLOS T4  P40X65CM","accesorios","COLLAR CUERO C/ OJALILLOS T4  P40X65CM","Descripci√≥n ID√âNTICA al t√≠tulo | longDescription IGUAL a description"
"prod_662","COLLAR CUERO LISO  T1  PASE 15X30CM","accesorios","COLLAR CUERO LISO  T1  PASE 15X30CM","Descripci√≥n ID√âNTICA al t√≠tulo | longDescription IGUAL a description"
"prod_676","COLLAR- XHL MODELO 3","accesorios","COLLAR- XHL","Descripci√≥n MUY CORTA (11 chars) | longDescription IGUAL a description"
"prod_683","PRETAL NATO PARA PITBULL REGULABLE T-50","accesorios","PRETAL NATO PARA PITBULL REGULABLE T-50","Descripci√≥n ID√âNTICA al t√≠tulo | longDescription IGUAL a description"
"prod_684","CONJUNTO PRETAL NATO PARA PITBULL REGULABLE T-50","accesorios","CONJUNTO PRETAL NATO PARA PITBULL REGULABLE T-50","Descripci√≥n ID√âNTICA al t√≠tulo | longDescription IGUAL a description"
"prod_691","CONJUNTO PECHERA Y TIRA TIPO JEANS  T2     1,5","accesorios","CONJUNTO PECHERA Y TIRA TIPO JEANS  T2     1,5","Descripci√≥n ID√âNTICA al t√≠tulo | longDescription IGUAL a description"
"prod_694","CONJUNTO FANTASIA IMP.3 CM T-3","accesorios","CONJUNTO FANTASIA IMP.3 CM T-3","Descripci√≥n ID√âNTICA al t√≠tulo | longDescription IGUAL a description"
"prod_703","CONJUNTO CORREA PASADORA 1,0CM*120CM*2,0CM","accesorios","CONJUNTO   CORREA PASADORA 1,0CM*120CM*2,0CM","Descripci√≥n MUY SIMILAR al t√≠tulo | longDescription IGUAL a description"
"prod_705","CONJUNTO REFORZASDO / RALLADO  GRANDE 8485-3","accesorios","CONJUNTO REFORZASDO / RALLADO  GRANDE 8485-3","Descripci√≥n ID√âNTICA al t√≠tulo | longDescription IGUAL a description"
"prod_707","CONJUNTO PECHERA COLORES PASTEL C/ LUNARES","accesorios","CONJUNTO PECHERA COLORES PASTEL C/ LUNARES","Descripci√≥n ID√âNTICA al t√≠tulo | longDescription IGUAL a description"
"prod_710","CONJUNTO REGULABLE RALLADO T -1     1,5","accesorios","CONJUNTO REGULABLE RALLADO T -1     1,5","Descripci√≥n ID√âNTICA al t√≠tulo | longDescription IGUAL a description"
"prod_711","CONJUNTO REGULABLE RALLADO T -2   2,0","accesorios","CONJUNTO REGULABLE RALLADO T -2   2,0","Descripci√≥n ID√âNTICA al t√≠tulo | longDescription IGUAL a description"
"prod_712","CONJUNTO REGULABLE RALLADO T -3     2,5","accesorios","CONJUNTO REGULABLE RALLADO T -3     2,5","Descripci√≥n ID√âNTICA al t√≠tulo | longDescription IGUAL a description"
"prod_720","Mochila Astronauta para Mascotas ‚Äì Dise√±o Ping√ºino","casa-descanso","üêæ Mochila Astronauta para Mascotas ‚Äì Dise√±o Ping√ºino üêß","Descripci√≥n MUY SIMILAR al t√≠tulo | longDescription IGUAL a description"
"prod_723","TIRA LARGA","accesorios","N¬∞5 (1,60M)p30 ,N¬∞6(1,6M)p30 N¬∞7 (2M)  p25, N¬∞8(2M) p30 N¬∞9 (DE 3 METROS) ,N¬∞10 (DE 5 METROS)","longDescription IGUAL a description | Descripci√≥n solo tiene MEDIDAS/TALLAS"
"prod_735","COLLAR MO√ëO ANIMAL PRINS  8314-2","accesorios","COLLAR MO√ëO ANIMAL PRINS  8314-2","Descripci√≥n ID√âNTICA al t√≠tulo | longDescription IGUAL a description"
"prod_738","PECHERA ARNES AJUSTABLE CON CORREA","accesorios","PECHERA ARNES AJUSTABLE CON CORREA","Descripci√≥n ID√âNTICA al t√≠tulo | longDescription IGUAL a description"
"prod_755","conjunto pechera y tira tipo jeans  t1    1,0","accesorios","conjunto pechera y tira tipo jeans  t1    1,0","Descripci√≥n ID√âNTICA al t√≠tulo | longDescription IGUAL a description"
"prod_757","CONJUNTO REFORZADO/ CAMUCLADO MEDIANO","accesorios","CONJUNTO REFORZADO/ CAMUCLADO MEDIANO","Descripci√≥n ID√âNTICA al t√≠tulo | longDescription IGUAL a description"
"prod_758","CONJUNTO SOGA REGULABLE CAMUFLADO GRANDE","accesorios","CONJUNTO SOGA REGULABLE CAMUFLADO GRANDE","Descripci√≥n ID√âNTICA al t√≠tulo | longDescription IGUAL a description"
"prod_759","CONJUNTO SOGA REGULABLE ( COLOR/ VARIOS) GRANDE","accesorios","CONJUNTO SOGA REGULABLE ( COLOR/ VARIOS) GRANDE","Descripci√≥n ID√âNTICA al t√≠tulo | longDescription IGUAL a description"
"prod_784","COMEDERO DOBLE CON BEBEDERO A ROSCA","accesorios","COMEDERO DOBLE CON BEBEDERO A ROSCA","Descripci√≥n ID√âNTICA al t√≠tulo | longDescription IGUAL a description"
"prod_786","COMEDERO  MELAMINA  ESTAMPADA  6,5""","accesorios","COMEDERO  MELAMINA  ESTAMPADA  6,5""","Descripci√≥n ID√âNTICA al t√≠tulo | longDescription IGUAL a description"
"prod_787","COMEDERO  MELAMINA  ESTAMPADA  7,5""","accesorios","COMEDERO  MELAMINA  ESTAMPADA  7,5""","Descripci√≥n ID√âNTICA al t√≠tulo | longDescription IGUAL a description"
"prod_788","COMEDERO MELAMINA  ESTAMPADA 8,5""","accesorios","COMEDERO MELAMINA  ESTAMPADA 8,5""","Descripci√≥n ID√âNTICA al t√≠tulo | longDescription IGUAL a description"
"prod_800","CAZUELA ACERO INOXIDABLE CON BASE ANTIDESLIZANTE S-11CM T-1","accesorios","CAZUELA ACERO INOXIDABLE CON BASE ANTIDESLIZANTE S-11CM T-1","Descripci√≥n ID√âNTICA al t√≠tulo | longDescription IGUAL a description"
"prod_801","CAZUELA ACERO INOXIDABLE CON BASE ANTIDESLIZANTE L-18CM T-3","accesorios","CAZUELA ACERO INOXIDABLE CON BASE ANTIDESLIZANTE L-18CM T-3","Descripci√≥n ID√âNTICA al t√≠tulo | longDescription IGUAL a description"
"prod_810","COMEDERO DE PL√ÅSTICO CON ANTIDESLIZANTE, TRANSL√öCIDO, 0,25L, √ò12CM","accesorios","COMEDERO DE PL√ÅSTICO CON ANTIDESLIZANTE, TRANSL√öCIDO, 0,25L, √ò12CM","Descripci√≥n ID√âNTICA al t√≠tulo | longDescription IGUAL a description"
"prod_813","COMEDERO REGU-DIET CON ANTIDESLIZANTE 22CM  JK-4450","accesorios","COMEDERO REGU-DIET CON ANTIDESLIZANTE 22CM  JK-4450","Descripci√≥n ID√âNTICA al t√≠tulo | longDescription IGUAL a description"
"prod_814","COMEDEROS DOBLE (MDP) GATO / PERRO","accesorios","COMEDEROS DOBLE (MDP) GATO / PERRO","Descripci√≥n ID√âNTICA al t√≠tulo | longDescription IGUAL a description"
"prod_823","DISPENSER DE AGUA PARA MASCOTAS 3L  JK-4159","accesorios","DISPENSER DE AGUA PARA MASCOTAS 3L  JK-4159","Descripci√≥n ID√âNTICA al t√≠tulo | longDescription IGUAL a description"
"prod_847","TAZON PARA GATO 200ML AZUL Y ROSA","accesorios","TAZON PARA GATO 200ML AZUL Y ROSA","Descripci√≥n ID√âNTICA al t√≠tulo | longDescription IGUAL a description"
"prod_848","TAZON  PARA  PERRO 300 ML AZUL Y ROSA","accesorios","TAZON  PARA  PERRO 300 ML AZUL Y ROSA","Descripci√≥n ID√âNTICA al t√≠tulo | longDescription IGUAL a description"
"prod_849","TAZON PARA PERRO 650 ML AZUL Y ROSA","accesorios","TAZON PARA PERRO 650 ML AZUL Y ROSA","Descripci√≥n ID√âNTICA al t√≠tulo | longDescription IGUAL a description"
"prod_850","BEBEDERO AUTAMATICO PARA PERRO 250ML AZUL Y ROSA","accesorios","BEBEDERO AUTAMATICO PARA PERRO 250ML AZUL Y ROSA","Descripci√≥n ID√âNTICA al t√≠tulo | longDescription IGUAL a description"
"prod_851","BEBEDERO AUTOMATICO PARA GATO 250ML AZUL Y ROSA","accesorios","BEBEDERO AUTOMATICO PARA GATO 250ML AZUL Y ROSA","Descripci√≥n ID√âNTICA al t√≠tulo | longDescription IGUAL a description"
"prod_853","COMELENTO GRANDE REDONDO CON HUELLA","accesorios","COMELENTO GRANDE REDONDO CON HUELLA","Descripci√≥n ID√âNTICA al t√≠tulo | longDescription IGUAL a description"
"prod_856","COMEDERO DOBLE  OCHO CHICO 200ML","accesorios","COMEDERO DOBLE  OCHO CHICO 200ML","Descripci√≥n ID√âNTICA al t√≠tulo | longDescription IGUAL a description"
"prod_857","COMEDERO DOBLE OCHO GRANDE 350ML","accesorios","COMEDERO DOBLE OCHO GRANDE 350ML","Descripci√≥n ID√âNTICA al t√≠tulo | longDescription IGUAL a description"
"prod_858","COMEDERO Y BEBEDERO MASCOTA TRIANGULAR","accesorios","COMEDERO Y BEBEDERO MASCOTA TRIANGULAR","Descripci√≥n ID√âNTICA al t√≠tulo | longDescription IGUAL a description"
"prod_166","BOLSO ANTI-DESGARRO PREMIUN","casa-descanso","Medidas Disponibles:  MEDIANO (26x38x30), GRANDE (29X41X33)","longDescription IGUAL a description"
"prod_174","MOISES NIDO AJUSTABLEE DE POLAR","casa-descanso","Medidas Disponibles:  N¬∞1 (55 CM), N¬∞2 (65 CM) , N¬∞3 (75 CM)","longDescription IGUAL a description"
"prod_175","ALMOHADON PREMIUM","casa-descanso","Medidas Disponibles:  N¬∞2 (50 X 65 CM), N¬∞3 (60 X 80 CM) , N¬∞4 (80 X 90 CM)","longDescription IGUAL a description"
"prod_177","MOISES NIDO CORDERITO 4 PATAS","casa-descanso","Medidas Disponibles:  N¬∞1 (55 CM) , N¬∞2 (65 CM), N¬∞3 (75 CM)","longDescription IGUAL a description"
"prod_178","COLCHONETA CORDERITO","casa-descanso","Medidas Disponibles:  N¬∞1 (50 X 50 CM) , N¬∞2 (50 X 65 CM) N¬∞3 (50 X 80 CM) , N¬∞4 (50 X 90 CM)","longDescription IGUAL a description"
"prod_179","COLCHONETA PREMIUM","casa-descanso","Medidas Disponibles:  N¬∞1 (50 X 50 CM) , N¬∞2 (50 X 65 CM) N¬∞3 (60 X 80 CM) , N¬∞4 (80 X 90 CM)","longDescription IGUAL a description"
"prod_180","COLCHON POLAR","casa-descanso","Medidas Disponibles:  N¬∞1 (50 X 50 CM) , N¬∞2 (50 X 65 CM) N¬∞3 (60 X 80 CM) , N¬∞4 (80 X 90 CM)","longDescription IGUAL a description"
"prod_192","RASCADOR RECTO 50 X 12 X 2 CM","accesorios","RASCADOR RECTO 50CM X 12CM X 2CM","longDescription IGUAL a description"
"prod_606","COLLAR GATO SURTIDOS X 12 UNIDADES","accesorios","COLLAR GATO SURTI X 12 UNIDADES DIFERENTES MODELOS","longDescription IGUAL a description"
"prod_722","TIRA DE LONA","accesorios","Medidas N*1 (1,20M)p15 ,N*2 (1,20M)p20 N*3 (1,20M)p25 ,N*4 (1,20M)p30 N*5 (2M)p30 , N*6(3M)p30","longDescription IGUAL a description"
"prod_724","CADENA COMUN 1,2M","accesorios","Medidas T-1 = 1,20MM ,T-3 = 1,9MM T-5 = 4,5MM","longDescription IGUAL a description"
"prod_725","CADENA COMUN 1,7M","accesorios","Medidas T-1 = 1,25MM , T-3 = 1,9MM, T-5 = 3,2MM","longDescription IGUAL a description"
"prod_732","COLLAR PA√ëUELO","accesorios","Medidas T1 = 37CM , T2 = 42CM , T3 = 50CM T4 = 55CM , T5 = 65CM","longDescription IGUAL a description"
"prod_760","Royal Puppies Parfum","higiene-cuidado","Perfume premium para mascotas con fragancias suaves y duraderas.   Fragancias disponibles: Mosc√∫ ¬∑ Par√≠s ¬∑ Milano Presentaci√≥n: 50 ml","longDescription IGUAL a description"
"prod_807","COMEDERO DE ALTURA REGULABLE N2","accesorios","COMEDERO DE ALTURA REGULABLE CON SUJECI√ìN PARA COMEDEROS ANTIVIBRACI√ìN Y PIES DE CAUCHO ANTIDESLIZANTES, 1,8 L, 20 CM. ALTURA REGULABLE: 40 CM.","longDescription IGUAL a description"
"prod_811","COMEDERO DE CER√ÅMICA CATS","accesorios","COMEDERO DE CER√ÅMICA, GATO, 0,3L, √ò12 CM (SOLO POR MENOR)","longDescription IGUAL a description"
"prod_812","COMEDERO ADVENTURE DE ACERO VERDE","accesorios","COMEDERO ""ADVENTURE"" DE ACERO INOXIDABLE/ESMALTE, ANTIDESLIZANTE, CHATO, 0,2 L/√ò 12 CM, VERDE","longDescription IGUAL a description"